Type,SKU,Name,Description,Tax status,Tax class,In stock?,Stock,Allow customer reviews?,Saleprice,Regularprice,Categories,Tags,Images,Parent,Position,Attribute 1 name,Attribute 1 value(s),Attribute 1 visible,Attribute 1 global,Attribute 2 name,Attribute 2 value(s),Attribute 2 visible,Attribute 2 global,Attribute 3 name,Attribute 3 value(s),Attribute 3 visible,Attribute 3 global
variable,SI762161,Men Women Youth Toddler All Size Arizona Cardinals Customized Hoodie 001,"The flag is made of 100% polyester, excellent craftsmanship is weather and fade resistant, strong and durable, wrinkle resistant, and adds a stylish atmosphere to the patio. Both sides are printed, and both sides are bright and vivid.\n\n[Design Note]:Full-width printing, double-sided printing\n\n[Material Description]:100% polyester fiber (polyester)\n\n[Product Performance]:The fabric is thick, firm and wear-resistant, good wrinkle resistance, versatile for all seasons, durable, not easy to fade, easy to disassemble, add fashion to the patio\n\n[Applicable scenes]:Decorative flags, mainly used for courtyards, gardens, planters, etc., suitable for any terrace or balcony, and make a charming decoration for any backyard or lawn.\n\n[Accessory construction]:Threaded pole position width is 3cm. only the flag, does not include the flag pole\n\n[Washing instructions]:Hand washable and machine washable\n\n[Special Note]:This size data due to different measurement methods, the error within 1-2cm is normal.",taxable,,1,,1,,,"Customized, Customized > NFL Customized, Customized > NFL Customized > Arizona Cardinals",,http://injerseys.com/images/p/2020/11/17/1605594936950582229.jpg,,0,Size,"Mens S,Men M,Men L,Men XL,Men XXL,Men XXXL,Men 4XL,Men 5XL,Men 6XL,Men 7XL,Women S,Women M,Women L,Women XL,Women XXL,Women XXXL,Women 4XL,Women 5XL,Women 6XL,Youth S,Youth M,Youth L,Youth XL,Youth XXL,Youth XXXL,Toddler 2T,Toddler 3T,Toddler 4T,Toddler 5T,Toddler 6T,Toddler 7T,Nike Elite 40,Nike Elite 44,Nike Elite 48,Nike Elite 52,Nike Elite 56,Nike Elite 60,Flex Base 40,Flex Base 44,Flex Base 48,Flex Base 52,Flex Base 56",1,1,,,,,,,,
variation,SI762161-1,Men Women Youth Toddler All Size Arizona Cardinals Customized Hoodie 001,,taxable,parent,,100,0,,60,,,,SI762161,1,Size,Mens S,,1,,,,,,,,
variation,SI762161-2,Men Women Youth Toddler All Size Arizona Cardinals Customized Hoodie 001,,taxable,parent,,100,0,,60,,,,SI762161,2,Size,Men M,,1,,,,,,,,
variation,SI762161-3,Men Women Youth Toddler All Size Arizona Cardinals Customized Hoodie 001,,taxable,parent,,100,0,,60,,,,SI762161,3,Size,Men L,,1,,,,,,,,
variation,SI762161-4,Men Women Youth Toddler All Size Arizona Cardinals Customized Hoodie 001,,taxable,parent,,100,0,,60,,,,SI762161,4,Size,Men XL,,1,,,,,,,,
variation,SI762161-5,Men Women Youth Toddler All Size Arizona Cardinals Customized Hoodie 001,,taxable,parent,,100,0,,60,,,,SI762161,5,Size,Men XXL,,1,,,,,,,,
variation,SI762161-6,Men Women Youth Toddler All Size Arizona Cardinals Customized Hoodie 001,,taxable,parent,,100,0,,60,,,,SI762161,6,Size,Men XXXL,,1,,,,,,,,
variation,SI762161-7,Men Women Youth Toddler All Size Arizona Cardinals Customized Hoodie 001,,taxable,parent,,100,0,,60,,,,SI762161,7,Size,Men 4XL,,1,,,,,,,,
variation,SI762161-8,Men Women Youth Toddler All Size Arizona Cardinals Customized Hoodie 001,,taxable,parent,,100,0,,60,,,,SI762161,8,Size,Men 5XL,,1,,,,,,,,
variation,SI762161-9,Men Women Youth Toddler All Size Arizona Cardinals Customized Hoodie 001,,taxable,parent,,100,0,,60,,,,SI762161,9,Size,Men 6XL,,1,,,,,,,,
variation,SI762161-10,Men Women Youth Toddler All Size Arizona Cardinals Customized Hoodie 001,,taxable,parent,,100,0,,60,,,,SI762161,10,Size,Men 7XL,,1,,,,,,,,
variation,SI762161-11,Men Women Youth Toddler All Size Arizona Cardinals Customized Hoodie 001,,taxable,parent,,100,0,,60,,,,SI762161,11,Size,Women S,,1,,,,,,,,
variation,SI762161-12,Men Women Youth Toddler All Size Arizona Cardinals Customized Hoodie 001,,taxable,parent,,100,0,,60,,,,SI762161,12,Size,Women M,,1,,,,,,,,
variation,SI762161-13,Men Women Youth Toddler All Size Arizona Cardinals Customized Hoodie 001,,taxable,parent,,100,0,,60,,,,SI762161,13,Size,Women L,,1,,,,,,,,
variation,SI762161-14,Men Women Youth Toddler All Size Arizona Cardinals Customized Hoodie 001,,taxable,parent,,100,0,,60,,,,SI762161,14,Size,Women XL,,1,,,,,,,,
variation,SI762161-15,Men Women Youth Toddler All Size Arizona Cardinals Customized Hoodie 001,,taxable,parent,,100,0,,60,,,,SI762161,15,Size,Women XXL,,1,,,,,,,,
variation,SI762161-16,Men Women Youth Toddler All Size Arizona Cardinals Customized Hoodie 001,,taxable,parent,,100,0,,60,,,,SI762161,16,Size,Women XXXL,,1,,,,,,,,
variation,SI762161-17,Men Women Youth Toddler All Size Arizona Cardinals Customized Hoodie 001,,taxable,parent,,100,0,,60,,,,SI762161,17,Size,Women 4XL,,1,,,,,,,,
variation,SI762161-18,Men Women Youth Toddler All Size Arizona Cardinals Customized Hoodie 001,,taxable,parent,,100,0,,60,,,,SI762161,18,Size,Women 5XL,,1,,,,,,,,
variation,SI762161-19,Men Women Youth Toddler All Size Arizona Cardinals Customized Hoodie 001,,taxable,parent,,100,0,,60,,,,SI762161,19,Size,Women 6XL,,1,,,,,,,,
variation,SI762161-20,Men Women Youth Toddler All Size Arizona Cardinals Customized Hoodie 001,,taxable,parent,,100,0,,60,,,,SI762161,20,Size,Youth S,,1,,,,,,,,
variation,SI762161-21,Men Women Youth Toddler All Size Arizona Cardinals Customized Hoodie 001,,taxable,parent,,100,0,,60,,,,SI762161,21,Size,Youth M,,1,,,,,,,,
variation,SI762161-22,Men Women Youth Toddler All Size Arizona Cardinals Customized Hoodie 001,,taxable,parent,,100,0,,60,,,,SI762161,22,Size,Youth L,,1,,,,,,,,
variation,SI762161-23,Men Women Youth Toddler All Size Arizona Cardinals Customized Hoodie 001,,taxable,parent,,100,0,,60,,,,SI762161,23,Size,Youth XL,,1,,,,,,,,
variation,SI762161-24,Men Women Youth Toddler All Size Arizona Cardinals Customized Hoodie 001,,taxable,parent,,100,0,,60,,,,SI762161,24,Size,Youth XXL,,1,,,,,,,,
variation,SI762161-25,Men Women Youth Toddler All Size Arizona Cardinals Customized Hoodie 001,,taxable,parent,,100,0,,60,,,,SI762161,25,Size,Youth XXXL,,1,,,,,,,,
variation,SI762161-26,Men Women Youth Toddler All Size Arizona Cardinals Customized Hoodie 001,,taxable,parent,,100,0,,60,,,,SI762161,26,Size,Toddler 2T,,1,,,,,,,,
variation,SI762161-27,Men Women Youth Toddler All Size Arizona Cardinals Customized Hoodie 001,,taxable,parent,,100,0,,60,,,,SI762161,27,Size,Toddler 3T,,1,,,,,,,,
variation,SI762161-28,Men Women Youth Toddler All Size Arizona Cardinals Customized Hoodie 001,,taxable,parent,,100,0,,60,,,,SI762161,28,Size,Toddler 4T,,1,,,,,,,,
variation,SI762161-29,Men Women Youth Toddler All Size Arizona Cardinals Customized Hoodie 001,,taxable,parent,,100,0,,60,,,,SI762161,29,Size,Toddler 5T,,1,,,,,,,,
variation,SI762161-30,Men Women Youth Toddler All Size Arizona Cardinals Customized Hoodie 001,,taxable,parent,,100,0,,60,,,,SI762161,30,Size,Toddler 6T,,1,,,,,,,,
variation,SI762161-31,Men Women Youth Toddler All Size Arizona Cardinals Customized Hoodie 001,,taxable,parent,,100,0,,60,,,,SI762161,31,Size,Toddler 7T,,1,,,,,,,,
variation,SI762161-32,Men Women Youth Toddler All Size Arizona Cardinals Customized Hoodie 001,,taxable,parent,,100,0,,60,,,,SI762161,32,Size,Nike Elite 40,,1,,,,,,,,
variation,SI762161-33,Men Women Youth Toddler All Size Arizona Cardinals Customized Hoodie 001,,taxable,parent,,100,0,,60,,,,SI762161,33,Size,Nike Elite 44,,1,,,,,,,,
variation,SI762161-34,Men Women Youth Toddler All Size Arizona Cardinals Customized Hoodie 001,,taxable,parent,,100,0,,60,,,,SI762161,34,Size,Nike Elite 48,,1,,,,,,,,
variation,SI762161-35,Men Women Youth Toddler All Size Arizona Cardinals Customized Hoodie 001,,taxable,parent,,100,0,,60,,,,SI762161,35,Size,Nike Elite 52,,1,,,,,,,,
variation,SI762161-36,Men Women Youth Toddler All Size Arizona Cardinals Customized Hoodie 001,,taxable,parent,,100,0,,60,,,,SI762161,36,Size,Nike Elite 56,,1,,,,,,,,
variation,SI762161-37,Men Women Youth Toddler All Size Arizona Cardinals Customized Hoodie 001,,taxable,parent,,100,0,,60,,,,SI762161,37,Size,Nike Elite 60,,1,,,,,,,,
variation,SI762161-38,Men Women Youth Toddler All Size Arizona Cardinals Customized Hoodie 001,,taxable,parent,,100,0,,60,,,,SI762161,38,Size,Flex Base 40,,1,,,,,,,,
variation,SI762161-39,Men Women Youth Toddler All Size Arizona Cardinals Customized Hoodie 001,,taxable,parent,,100,0,,60,,,,SI762161,39,Size,Flex Base 44,,1,,,,,,,,
variation,SI762161-40,Men Women Youth Toddler All Size Arizona Cardinals Customized Hoodie 001,,taxable,parent,,100,0,,60,,,,SI762161,40,Size,Flex Base 48,,1,,,,,,,,
variation,SI762161-41,Men Women Youth Toddler All Size Arizona Cardinals Customized Hoodie 001,,taxable,parent,,100,0,,60,,,,SI762161,41,Size,Flex Base 52,,1,,,,,,,,
variation,SI762161-42,Men Women Youth Toddler All Size Arizona Cardinals Customized Hoodie 001,,taxable,parent,,100,0,,60,,,,SI762161,42,Size,Flex Base 56,,1,,,,,,,,
variable,SI762160,Men Women Youth Toddler All Size Miami Dolphins Customized Hoodie 001,"The flag is made of 100% polyester, excellent craftsmanship is weather and fade resistant, strong and durable, wrinkle resistant, and adds a stylish atmosphere to the patio. Both sides are printed, and both sides are bright and vivid.\n\n[Design Note]:Full-width printing, double-sided printing\n\n[Material Description]:100% polyester fiber (polyester)\n\n[Product Performance]:The fabric is thick, firm and wear-resistant, good wrinkle resistance, versatile for all seasons, durable, not easy to fade, easy to disassemble, add fashion to the patio\n\n[Applicable scenes]:Decorative flags, mainly used for courtyards, gardens, planters, etc., suitable for any terrace or balcony, and make a charming decoration for any backyard or lawn.\n\n[Accessory construction]:Threaded pole position width is 3cm. only the flag, does not include the flag pole\n\n[Washing instructions]:Hand washable and machine washable\n\n[Special Note]:This size data due to different measurement methods, the error within 1-2cm is normal.",taxable,,1,,1,,,"Customized, Customized > NFL Customized, Customized > NFL Customized > Miami Dolphins",,http://injerseys.com/images/p/2020/11/17/1605594925953619515.jpg,,0,Size,"Mens S,Men M,Men L,Men XL,Men XXL,Men XXXL,Men 4XL,Men 5XL,Men 6XL,Men 7XL,Women S,Women M,Women L,Women XL,Women XXL,Women XXXL,Women 4XL,Women 5XL,Women 6XL,Youth S,Youth M,Youth L,Youth XL,Youth XXL,Youth XXXL,Toddler 2T,Toddler 3T,Toddler 4T,Toddler 5T,Toddler 6T,Toddler 7T,Nike Elite 40,Nike Elite 44,Nike Elite 48,Nike Elite 52,Nike Elite 56,Nike Elite 60,Flex Base 40,Flex Base 44,Flex Base 48,Flex Base 52,Flex Base 56",1,1,,,,,,,,
variation,SI762160-1,Men Women Youth Toddler All Size Miami Dolphins Customized Hoodie 001,,taxable,parent,,100,0,,60,,,,SI762160,1,Size,Mens S,,1,,,,,,,,
variation,SI762160-2,Men Women Youth Toddler All Size Miami Dolphins Customized Hoodie 001,,taxable,parent,,100,0,,60,,,,SI762160,2,Size,Men M,,1,,,,,,,,
variation,SI762160-3,Men Women Youth Toddler All Size Miami Dolphins Customized Hoodie 001,,taxable,parent,,100,0,,60,,,,SI762160,3,Size,Men L,,1,,,,,,,,
variation,SI762160-4,Men Women Youth Toddler All Size Miami Dolphins Customized Hoodie 001,,taxable,parent,,100,0,,60,,,,SI762160,4,Size,Men XL,,1,,,,,,,,
variation,SI762160-5,Men Women Youth Toddler All Size Miami Dolphins Customized Hoodie 001,,taxable,parent,,100,0,,60,,,,SI762160,5,Size,Men XXL,,1,,,,,,,,
variation,SI762160-6,Men Women Youth Toddler All Size Miami Dolphins Customized Hoodie 001,,taxable,parent,,100,0,,60,,,,SI762160,6,Size,Men XXXL,,1,,,,,,,,
variation,SI762160-7,Men Women Youth Toddler All Size Miami Dolphins Customized Hoodie 001,,taxable,parent,,100,0,,60,,,,SI762160,7,Size,Men 4XL,,1,,,,,,,,
variation,SI762160-8,Men Women Youth Toddler All Size Miami Dolphins Customized Hoodie 001,,taxable,parent,,100,0,,60,,,,SI762160,8,Size,Men 5XL,,1,,,,,,,,
variation,SI762160-9,Men Women Youth Toddler All Size Miami Dolphins Customized Hoodie 001,,taxable,parent,,100,0,,60,,,,SI762160,9,Size,Men 6XL,,1,,,,,,,,
variation,SI762160-10,Men Women Youth Toddler All Size Miami Dolphins Customized Hoodie 001,,taxable,parent,,100,0,,60,,,,SI762160,10,Size,Men 7XL,,1,,,,,,,,
variation,SI762160-11,Men Women Youth Toddler All Size Miami Dolphins Customized Hoodie 001,,taxable,parent,,100,0,,60,,,,SI762160,11,Size,Women S,,1,,,,,,,,
variation,SI762160-12,Men Women Youth Toddler All Size Miami Dolphins Customized Hoodie 001,,taxable,parent,,100,0,,60,,,,SI762160,12,Size,Women M,,1,,,,,,,,
variation,SI762160-13,Men Women Youth Toddler All Size Miami Dolphins Customized Hoodie 001,,taxable,parent,,100,0,,60,,,,SI762160,13,Size,Women L,,1,,,,,,,,
variation,SI762160-14,Men Women Youth Toddler All Size Miami Dolphins Customized Hoodie 001,,taxable,parent,,100,0,,60,,,,SI762160,14,Size,Women XL,,1,,,,,,,,
variation,SI762160-15,Men Women Youth Toddler All Size Miami Dolphins Customized Hoodie 001,,taxable,parent,,100,0,,60,,,,SI762160,15,Size,Women XXL,,1,,,,,,,,
variation,SI762160-16,Men Women Youth Toddler All Size Miami Dolphins Customized Hoodie 001,,taxable,parent,,100,0,,60,,,,SI762160,16,Size,Women XXXL,,1,,,,,,,,
variation,SI762160-17,Men Women Youth Toddler All Size Miami Dolphins Customized Hoodie 001,,taxable,parent,,100,0,,60,,,,SI762160,17,Size,Women 4XL,,1,,,,,,,,
variation,SI762160-18,Men Women Youth Toddler All Size Miami Dolphins Customized Hoodie 001,,taxable,parent,,100,0,,60,,,,SI762160,18,Size,Women 5XL,,1,,,,,,,,
variation,SI762160-19,Men Women Youth Toddler All Size Miami Dolphins Customized Hoodie 001,,taxable,parent,,100,0,,60,,,,SI762160,19,Size,Women 6XL,,1,,,,,,,,
variation,SI762160-20,Men Women Youth Toddler All Size Miami Dolphins Customized Hoodie 001,,taxable,parent,,100,0,,60,,,,SI762160,20,Size,Youth S,,1,,,,,,,,
variation,SI762160-21,Men Women Youth Toddler All Size Miami Dolphins Customized Hoodie 001,,taxable,parent,,100,0,,60,,,,SI762160,21,Size,Youth M,,1,,,,,,,,
variation,SI762160-22,Men Women Youth Toddler All Size Miami Dolphins Customized Hoodie 001,,taxable,parent,,100,0,,60,,,,SI762160,22,Size,Youth L,,1,,,,,,,,
variation,SI762160-23,Men Women Youth Toddler All Size Miami Dolphins Customized Hoodie 001,,taxable,parent,,100,0,,60,,,,SI762160,23,Size,Youth XL,,1,,,,,,,,
variation,SI762160-24,Men Women Youth Toddler All Size Miami Dolphins Customized Hoodie 001,,taxable,parent,,100,0,,60,,,,SI762160,24,Size,Youth XXL,,1,,,,,,,,
variation,SI762160-25,Men Women Youth Toddler All Size Miami Dolphins Customized Hoodie 001,,taxable,parent,,100,0,,60,,,,SI762160,25,Size,Youth XXXL,,1,,,,,,,,
variation,SI762160-26,Men Women Youth Toddler All Size Miami Dolphins Customized Hoodie 001,,taxable,parent,,100,0,,60,,,,SI762160,26,Size,Toddler 2T,,1,,,,,,,,
variation,SI762160-27,Men Women Youth Toddler All Size Miami Dolphins Customized Hoodie 001,,taxable,parent,,100,0,,60,,,,SI762160,27,Size,Toddler 3T,,1,,,,,,,,
variation,SI762160-28,Men Women Youth Toddler All Size Miami Dolphins Customized Hoodie 001,,taxable,parent,,100,0,,60,,,,SI762160,28,Size,Toddler 4T,,1,,,,,,,,
variation,SI762160-29,Men Women Youth Toddler All Size Miami Dolphins Customized Hoodie 001,,taxable,parent,,100,0,,60,,,,SI762160,29,Size,Toddler 5T,,1,,,,,,,,
variation,SI762160-30,Men Women Youth Toddler All Size Miami Dolphins Customized Hoodie 001,,taxable,parent,,100,0,,60,,,,SI762160,30,Size,Toddler 6T,,1,,,,,,,,
variation,SI762160-31,Men Women Youth Toddler All Size Miami Dolphins Customized Hoodie 001,,taxable,parent,,100,0,,60,,,,SI762160,31,Size,Toddler 7T,,1,,,,,,,,
variation,SI762160-32,Men Women Youth Toddler All Size Miami Dolphins Customized Hoodie 001,,taxable,parent,,100,0,,60,,,,SI762160,32,Size,Nike Elite 40,,1,,,,,,,,
variation,SI762160-33,Men Women Youth Toddler All Size Miami Dolphins Customized Hoodie 001,,taxable,parent,,100,0,,60,,,,SI762160,33,Size,Nike Elite 44,,1,,,,,,,,
variation,SI762160-34,Men Women Youth Toddler All Size Miami Dolphins Customized Hoodie 001,,taxable,parent,,100,0,,60,,,,SI762160,34,Size,Nike Elite 48,,1,,,,,,,,
variation,SI762160-35,Men Women Youth Toddler All Size Miami Dolphins Customized Hoodie 001,,taxable,parent,,100,0,,60,,,,SI762160,35,Size,Nike Elite 52,,1,,,,,,,,
variation,SI762160-36,Men Women Youth Toddler All Size Miami Dolphins Customized Hoodie 001,,taxable,parent,,100,0,,60,,,,SI762160,36,Size,Nike Elite 56,,1,,,,,,,,
variation,SI762160-37,Men Women Youth Toddler All Size Miami Dolphins Customized Hoodie 001,,taxable,parent,,100,0,,60,,,,SI762160,37,Size,Nike Elite 60,,1,,,,,,,,
variation,SI762160-38,Men Women Youth Toddler All Size Miami Dolphins Customized Hoodie 001,,taxable,parent,,100,0,,60,,,,SI762160,38,Size,Flex Base 40,,1,,,,,,,,
variation,SI762160-39,Men Women Youth Toddler All Size Miami Dolphins Customized Hoodie 001,,taxable,parent,,100,0,,60,,,,SI762160,39,Size,Flex Base 44,,1,,,,,,,,
variation,SI762160-40,Men Women Youth Toddler All Size Miami Dolphins Customized Hoodie 001,,taxable,parent,,100,0,,60,,,,SI762160,40,Size,Flex Base 48,,1,,,,,,,,
variation,SI762160-41,Men Women Youth Toddler All Size Miami Dolphins Customized Hoodie 001,,taxable,parent,,100,0,,60,,,,SI762160,41,Size,Flex Base 52,,1,,,,,,,,
variation,SI762160-42,Men Women Youth Toddler All Size Miami Dolphins Customized Hoodie 001,,taxable,parent,,100,0,,60,,,,SI762160,42,Size,Flex Base 56,,1,,,,,,,,
